,Accuracy,Balanced Accuracy,F1 Micro,F1 Macro,F1 Weighted,F1[0],F1[1],F1[2],F1[3]
Score,0.58984375,0.5775297207698386,0.58984375,0.5655109375250069,0.57769791914561,0.565110565110565,0.7355371900826446,0.8018867924528302,0.15950920245398773
