,Accuracy,Balanced Accuracy,F1 Micro,F1 Macro,F1 Weighted,F1[0],F1[1],F1[2]
Score,0.9803921568627451,0.9792592592592593,0.9803921568627451,0.9793592650735508,0.98039443697707,0.9795918367346939,0.9914529914529915,0.967032967032967
