,Accuracy,Balanced Accuracy,F1 Micro,F1[0],F1[1],F1[2]
Score,0.7273954116059379,0.5754433232345985,0.7273954116059379,0.8225338491295938,0.5265265265265265,0.4842370744010088
