Accuracy,Balanced Accuracy,F1 Micro,F1[0],F1[1],F1[2]
0.729757085020243,0.5722985812029638,0.729757085020243,0.8220683066634822,0.5182012847965738,0.49566294919454773
