Accuracy,Balanced Accuracy,F1 Micro,F1[0],F1[1],F1[2],F1[3]
0.6545209176788124,0.4857922763175624,0.6545209176788124,0.7700188730115934,0.5182012847965738,0.49566294919454773,0.2928870292887029
