Accuracy,Balanced Accuracy,F1 Micro,F1[0],F1[1],F1[2]
0.7496339677891655,0.7232472740380284,0.7496339677891654,0.8093645484949833,0.7797270955165692,0.5490196078431372
