Accuracy,Balanced Accuracy,F1 Micro,F1[0],F1[1]
0.7122132253711201,0.7066713164189861,0.7122132253711201,0.7700188730115934,0.615592609283461
