,Accuracy,Balanced Accuracy,F1 Micro,F1 Macro,F1 Weighted,F1[0],F1[1],F1[2]
Score,0.7624831309041835,0.7164666719971344,0.7624831309041835,0.7150155459684285,0.7628592948515275,0.8276431718061673,0.6755852842809364,0.6418181818181818
