,Accuracy,Balanced Accuracy,F1 Micro,F1 Macro,F1 Weighted,F1[0],F1[1],F1[2]
Score,0.95703125,0.9390766342379245,0.95703125,0.9539306242672082,0.9567688524121365,0.9619377162629759,0.9411764705882353,0.9586776859504132
