,Accuracy,Balanced Accuracy,F1 Micro,F1[0],F1[1],F1[2],F1[3]
Score,0.81640625,0.8312987820694209,0.81640625,0.7283950617283952,0.9411764705882353,0.9586776859504132,0.6929133858267716
