,Accuracy,Balanced Accuracy,F1 Micro,F1 Macro,F1 Weighted,F1[0],F1[1],F1[2]
Score,0.7854330708661418,0.7340683444931887,0.7854330708661417,0.7694181331055655,0.7787566089230797,0.8172413793103449,0.7148936170212766,0.7761194029850748
