,Accuracy,Balanced Accuracy,F1 Micro,F1 Macro,F1 Weighted,F1[0],F1[1],F1[2],F1[3]
Score,0.5413385826771654,0.5354449938315545,0.5413385826771654,0.5624912987410735,0.5696372002824195,0.42105263157894735,0.7148936170212766,0.7761194029850748,0.3378995433789954
