,Accuracy,Balanced Accuracy,F1 Micro,F1 Macro,F1 Weighted,F1[0],F1[1],F1[2]
Score,0.8923766816143498,0.8866240769678585,0.8923766816143498,0.8753741944029562,0.8955082047375629,0.9130434782608695,0.9341317365269461,0.7789473684210527
