,Accuracy,Balanced Accuracy,F1 Micro,F1 Macro,F1 Weighted,F1[0],F1[1],F1[2]
Score,0.953125,0.942996590537574,0.953125,0.9526260098402103,0.9531779200500703,0.9508196721311475,0.9401709401709402,0.9668874172185431
