,Accuracy,Balanced Accuracy,F1 Micro,F1 Macro,F1 Weighted,F1[0],F1[1]
Score,0.5885826771653543,0.5887688940704834,0.5885826771653543,0.5509843310566492,0.6149270965476443,0.42105263157894735,0.6809160305343511
