,Accuracy,Balanced Accuracy,F1 Micro,F1 Macro,F1 Weighted,F1[0],F1[1],F1[2]
Score,0.9642857142857143,0.9475203629240129,0.9642857142857143,0.9621567745406754,0.9641144296975049,0.968421052631579,0.9607843137254902,0.9572649572649572
