,Accuracy,Balanced Accuracy,F1 Micro,F1 Macro,F1 Weighted,F1[0],F1[1],F1[2]
Score,0.85,0.782752009894867,0.85,0.7602693602693602,0.8608631772268136,0.8989898989898989,0.9090909090909092,0.4727272727272727
