,Accuracy,Balanced Accuracy,F1 Micro,F1 Macro,F1 Weighted,F1[0],F1[1]
Score,0.654296875,0.7302658074909384,0.654296875,0.6391193020042291,0.6755454771940793,0.565110565110565,0.7131280388978931
