,Accuracy,Balanced Accuracy,F1 Micro,F1 Macro,F1 Weighted,F1[0],F1[1],F1[2]
Score,0.80078125,0.7575947088142211,0.80078125,0.7884980526580238,0.7959358531472872,0.8280701754385965,0.7355371900826446,0.8018867924528302
