,Accuracy,Balanced Accuracy,F1 Micro,F1[0],F1[1],F1[2]
Score,0.9722222222222222,0.9686743208482339,0.9722222222222222,0.9743589743589743,0.9666666666666667,0.9733333333333333
