,Accuracy,Balanced Accuracy,F1 Micro,F1 Macro,F1 Weighted,F1[0],F1[1],F1[2],F1[3]
Score,0.8531746031746031,0.8516116389737713,0.853174603174603,0.8441269841269842,0.8555454774502395,0.7142857142857143,0.9666666666666667,0.9733333333333333,0.7222222222222223
