,Accuracy,Balanced Accuracy,F1 Micro,F1 Macro,F1 Weighted,F1[0],F1[1],F1[2]
Score,0.9941520467836257,0.9954954954954954,0.9941520467836257,0.9948834234548521,0.9941571470393525,0.9914529914529915,0.9931972789115647,1.0
