,Accuracy,Balanced Accuracy,F1 Micro,F1[0],F1[1]
Score,0.8571428571428571,0.8665496049165935,0.8571428571428571,0.7142857142857143,0.9047619047619047
