Accuracy,Balanced Accuracy,F1 Micro,F1[0],F1[1],F1[2]
0.7233468286099866,0.5533884611137517,0.7233468286099866,0.8169873298920695,0.4904386951631046,0.4761904761904761
