Accuracy,Balanced Accuracy,F1 Micro,F1[0],F1[1],F1[2],F1[3]
0.6359649122807017,0.44592759726229514,0.6359649122807017,0.7443899922620583,0.4904386951631046,0.4761904761904761,0.20259740259740258
