Accuracy,Balanced Accuracy,F1 Micro,F1[0],F1[1],F1[2]
0.8339622641509434,0.792419974942066,0.8339622641509434,0.8772635814889337,0.8466819221967964,0.6190476190476191
