Accuracy,Balanced Accuracy,F1 Micro,F1[0],F1[1]
0.6656545209176788,0.6587472820132486,0.6656545209176788,0.7443899922620583,0.5168210628961483
