,Accuracy,Balanced Accuracy,F1 Micro,F1[0],F1[1],F1[2]
Score,0.8088737201365188,0.7988576044936754,0.8088737201365187,0.864244741873805,0.8081264108352145,0.6699029126213593
