,Accuracy,Balanced Accuracy,F1 Micro,F1[0],F1[1],F1[2]
Score,0.953125,0.942996590537574,0.953125,0.9508196721311475,0.9401709401709402,0.9668874172185431
