,Accuracy,Balanced Accuracy,F1 Micro,F1[0],F1[1],F1[2],F1[3]
Score,0.859375,0.8603457335014711,0.859375,0.7424242424242424,0.9401709401709402,0.9668874172185431,0.7678571428571428
