,Accuracy,Balanced Accuracy,F1 Micro,F1[0],F1[1],F1[2]
Score,0.9884393063583815,0.9895431145431145,0.9884393063583815,0.9909909909909909,0.9931972789115647,0.9772727272727273
