,Accuracy,Balanced Accuracy,F1 Micro,F1[0],F1[1]
Score,0.8671875,0.8951734539969833,0.8671875,0.7424242424242424,0.9105263157894735
