,Accuracy,Balanced Accuracy,F1 Micro,F1 Macro,F1 Weighted,F1[0],F1[1]
Score,0.828125,0.859375,0.828125,0.8013403880070548,0.8378130511463845,0.7283950617283952,0.8742857142857143
