,Accuracy,Balanced Accuracy,F1 Micro,F1 Macro,F1 Weighted,F1[0],F1[1],F1[2],F1[3]
Score,0.7896825396825397,0.8101640817168191,0.7896825396825397,0.8069506613992916,0.7910897513875008,0.6826347305389222,0.9607843137254902,0.9572649572649572,0.6271186440677966
