,Accuracy,Balanced Accuracy,F1 Micro,F1 Macro,F1 Weighted,F1[0],F1[1]
Score,0.7896825396825397,0.828042328042328,0.7896825396825397,0.7626823504326659,0.8027061603795377,0.6826347305389222,0.8427299703264094
