,Accuracy,Balanced Accuracy,F1 Micro,F1 Macro,F1 Weighted,F1[0],F1[1],F1[2]
Score,0.7637698898408812,0.6433685451303378,0.7637698898408812,0.6532939973253381,0.7455178862727737,0.8272383354350568,0.7842565597667639,0.34838709677419355
