,Accuracy,Balanced Accuracy,F1 Micro,F1 Macro,F1 Weighted,F1[0],F1[1]
Score,0.7550607287449392,0.7564387756543098,0.7550607287449391,0.7546585890426702,0.75442400754968,0.7447257383966245,0.7645914396887159
