,Accuracy,Balanced Accuracy,F1 Micro,F1[0],F1[1]
Score,0.7896825396825397,0.828042328042328,0.7896825396825397,0.6826347305389222,0.8427299703264094
